"Date";"Infected";"Inpatients";"newICU";"ICU";"Death";"Vaccinated1";"Vaccinated2";"Vaccinated3"
2020-03-04;262;NA;NA;NA;0;NA;NA;NA
2020-03-05;400;NA;NA;NA;0;NA;NA;NA
2020-03-06;639;NA;NA;NA;0;NA;NA;NA
2020-03-07;795;NA;NA;NA;0;NA;NA;NA
2020-03-08;902;NA;NA;NA;0;NA;NA;NA
2020-03-09;1139;NA;NA;NA;2;NA;NA;NA
2020-03-10;1296;NA;NA;NA;2;NA;NA;NA
2020-03-11;1567;NA;NA;NA;3;NA;NA;NA
2020-03-12;2369;NA;NA;NA;5;NA;NA;NA
2020-03-13;3062;NA;NA;NA;5;NA;NA;NA
2020-03-14;3795;NA;NA;NA;8;NA;NA;NA
2020-03-15;4838;NA;NA;NA;12;NA;NA;NA
2020-03-16;6012;NA;NA;NA;12;NA;NA;NA
2020-03-17;7156;NA;NA;NA;12;NA;NA;NA
2020-03-18;8198;NA;NA;NA;12;NA;NA;NA
2020-03-19;10999;NA;NA;NA;20;NA;NA;NA
2020-03-20;13957;NA;NA;NA;31;NA;NA;NA
2020-03-21;16662;NA;NA;NA;47;NA;NA;NA
2020-03-22;18610;NA;NA;NA;55;NA;NA;NA
2020-03-23;22672;NA;NA;NA;86;NA;NA;NA
2020-03-24;27436;NA;NA;NA;114;NA;NA;NA
2020-03-25;31554;NA;NA;NA;149;NA;NA;NA
2020-03-26;36508;NA;NA;NA;198;NA;NA;NA
2020-03-27;42288;NA;NA;NA;253;NA;NA;NA
2020-03-28;48582;NA;NA;NA;325;NA;NA;NA
2020-03-29;52547;NA;NA;NA;389;NA;NA;NA
2020-03-30;57298;NA;NA;NA;455;NA;NA;NA
2020-03-31;61913;NA;NA;NA;583;NA;NA;NA
2020-04-01;67366;NA;NA;NA;732;NA;NA;NA
2020-04-02;73522;NA;NA;NA;872;NA;NA;NA
2020-04-03;79696;NA;NA;NA;1017;NA;NA;NA
2020-04-04;85778;NA;NA;NA;1158;NA;NA;NA
2020-04-05;91714;NA;NA;NA;1342;NA;NA;NA
2020-04-06;95391;NA;NA;NA;1434;NA;NA;NA
2020-04-07;99225;NA;NA;NA;1607;NA;NA;NA
2020-04-08;103228;NA;NA;NA;1861;NA;NA;NA
2020-04-09;108202;NA;NA;NA;2107;NA;NA;NA
2020-04-10;113525;NA;NA;NA;2373;NA;NA;NA
2020-04-11;117658;NA;NA;NA;2544;NA;NA;NA
2020-04-12;120479;NA;NA;NA;2673;NA;NA;NA
2020-04-13;123016;NA;NA;NA;2799;NA;NA;NA
2020-04-14;125098;NA;NA;NA;2969;NA;NA;NA
2020-04-15;127584;NA;NA;NA;3254;NA;NA;NA
2020-04-16;130450;NA;NA;NA;3569;NA;NA;NA
2020-04-17;133830;NA;NA;NA;3868;NA;NA;NA
2020-04-18;137439;NA;NA;NA;4110;NA;NA;NA
2020-04-19;139897;NA;NA;NA;4294;NA;NA;NA
2020-04-20;141672;NA;NA;NA;4404;NA;NA;NA
2020-04-21;143457;NA;NA;NA;4598;NA;NA;NA
2020-04-22;145694;NA;NA;NA;4879;NA;NA;NA
2020-04-23;148046;NA;NA;NA;5094;NA;NA;NA
2020-04-24;150383;NA;NA;NA;5321;NA;NA;NA
2020-04-25;152438;NA;NA;NA;5500;NA;NA;NA
2020-04-26;154175;NA;NA;NA;5640;NA;NA;NA
2020-04-27;155193;NA;NA;NA;5750;NA;NA;NA
2020-04-28;156337;NA;NA;NA;5913;NA;NA;NA
2020-04-29;157641;NA;NA;NA;6115;NA;NA;NA
2020-04-30;159119;NA;NA;NA;6288;NA;NA;NA
2020-05-01;160758;NA;NA;NA;6481;NA;NA;NA
2020-05-02;161703;NA;NA;NA;6575;NA;NA;NA
2020-05-03;162496;NA;NA;NA;6649;NA;NA;NA
2020-05-04;163175;NA;NA;NA;6692;NA;NA;NA
2020-05-05;163860;NA;NA;NA;6831;NA;NA;NA
2020-05-06;164807;NA;NA;NA;6996;NA;NA;NA
2020-05-07;166091;NA;NA;NA;7119;NA;NA;NA
2020-05-08;167300;NA;NA;NA;7266;NA;NA;NA
2020-05-09;168551;NA;NA;NA;7369;NA;NA;NA
2020-05-10;169218;NA;NA;NA;7395;NA;NA;NA
2020-05-11;169575;NA;NA;NA;7417;NA;NA;NA
2020-05-12;170508;NA;NA;NA;7533;NA;NA;NA
2020-05-13;171306;NA;NA;NA;7634;NA;NA;NA
2020-05-14;172239;NA;NA;NA;7723;NA;NA;NA
2020-05-15;173152;NA;NA;NA;7824;NA;NA;NA
2020-05-16;173722;NA;NA;NA;7881;NA;NA;NA
2020-05-17;174355;NA;NA;NA;7914;NA;NA;NA
2020-05-18;174697;NA;NA;NA;7935;NA;NA;NA
2020-05-19;175210;NA;NA;NA;8007;NA;NA;NA
2020-05-20;176007;NA;NA;NA;8090;NA;NA;NA
2020-05-21;176752;NA;NA;NA;8147;NA;NA;NA
2020-05-22;177212;NA;NA;NA;8174;NA;NA;NA
2020-05-23;177850;NA;NA;NA;8216;NA;NA;NA
2020-05-24;178281;NA;NA;NA;8247;NA;NA;NA
2020-05-25;178570;NA;NA;NA;8257;NA;NA;NA
2020-05-26;179002;NA;NA;NA;8302;NA;NA;NA
2020-05-27;179634;NA;NA;NA;8349;NA;NA;NA
2020-05-28;179717;NA;NA;NA;8411;NA;NA;NA
2020-05-29;180458;NA;NA;NA;8450;NA;NA;NA
2020-05-30;181196;NA;NA;NA;8489;NA;NA;NA
2020-05-31;181482;NA;NA;NA;8500;NA;NA;NA
2020-06-01;181815;NA;NA;NA;8511;NA;NA;NA
2020-06-02;182028;NA;NA;NA;8522;NA;NA;NA
2020-06-03;182370;NA;NA;NA;8551;NA;NA;NA
2020-06-04;182764;NA;NA;NA;8581;NA;NA;NA
2020-06-05;183271;NA;NA;NA;8613;NA;NA;NA
2020-06-06;183678;NA;NA;NA;8646;NA;NA;NA
2020-06-07;183979;NA;NA;NA;8668;NA;NA;NA
2020-06-08;184193;NA;NA;NA;8674;NA;NA;NA
2020-06-09;184543;NA;NA;NA;8711;NA;NA;NA
2020-06-10;184861;NA;NA;NA;8729;NA;NA;NA
2020-06-11;185416;NA;NA;NA;8755;NA;NA;NA
2020-06-12;185674;NA;NA;NA;8763;NA;NA;NA
2020-06-13;186022;NA;NA;NA;8781;NA;NA;NA
2020-06-14;186269;NA;NA;NA;8787;NA;NA;NA
2020-06-15;186461;NA;NA;NA;8791;NA;NA;NA
2020-06-16;186839;NA;NA;NA;8800;NA;NA;NA
2020-06-17;187184;NA;NA;NA;8830;NA;NA;NA
2020-06-18;187764;NA;NA;NA;8856;NA;NA;NA
2020-06-19;188534;NA;NA;NA;8872;NA;NA;NA
2020-06-20;189135;NA;NA;NA;8881;NA;NA;NA
2020-06-21;189822;NA;NA;NA;8882;NA;NA;NA
2020-06-22;190539;NA;NA;NA;8885;NA;NA;NA
2020-06-23;190862;NA;NA;NA;8895;NA;NA;NA
2020-06-24;191449;NA;NA;NA;8914;NA;NA;NA
2020-06-25;192079;NA;NA;NA;8927;NA;NA;NA
2020-06-26;192556;NA;NA;NA;8948;NA;NA;NA
2020-06-27;193243;NA;NA;NA;8954;NA;NA;NA
2020-06-28;193499;NA;NA;NA;8957;NA;NA;NA
2020-06-29;193761;NA;NA;NA;8961;NA;NA;NA
2020-06-30;194259;NA;NA;NA;8973;NA;NA;NA
2020-07-01;194725;NA;NA;NA;8985;NA;NA;NA
2020-07-02;195228;NA;NA;NA;8994;NA;NA;NA
2020-07-03;195674;NA;NA;NA;9003;NA;NA;NA
2020-07-04;196096;NA;NA;NA;9010;NA;NA;NA
2020-07-05;196335;NA;NA;NA;9012;NA;NA;NA
2020-07-06;196554;NA;NA;NA;9016;NA;NA;NA
2020-07-07;196944;NA;NA;NA;9024;NA;NA;NA
2020-07-08;197341;NA;NA;NA;9036;NA;NA;NA
2020-07-09;197783;NA;NA;NA;9048;NA;NA;NA
2020-07-10;198178;NA;NA;NA;9054;NA;NA;NA
2020-07-11;198556;NA;NA;NA;9060;NA;NA;NA
2020-07-12;198804;NA;NA;NA;9063;NA;NA;NA
2020-07-13;198963;NA;NA;NA;9064;NA;NA;NA
2020-07-14;199375;NA;NA;NA;9068;NA;NA;NA
2020-07-15;199726;NA;NA;NA;9071;NA;NA;NA
2020-07-16;200260;NA;NA;NA;9078;NA;NA;NA
2020-07-17;200843;NA;NA;NA;9082;NA;NA;NA
2020-07-18;201372;NA;NA;NA;9083;NA;NA;NA
2020-07-19;201574;NA;NA;NA;9084;NA;NA;NA
2020-07-20;201823;NA;NA;NA;9086;NA;NA;NA
2020-07-21;202345;NA;NA;NA;9090;NA;NA;NA
2020-07-22;202799;NA;NA;NA;9095;NA;NA;NA
2020-07-23;203368;NA;NA;NA;9101;NA;NA;NA
2020-07-24;204183;NA;NA;NA;9111;NA;NA;NA
2020-07-25;204964;NA;NA;NA;9118;NA;NA;NA
2020-07-26;205269;NA;NA;NA;9118;NA;NA;NA
2020-07-27;205609;NA;NA;NA;9118;NA;NA;NA
2020-07-28;206242;NA;NA;NA;9122;NA;NA;NA
2020-07-29;206926;NA;NA;NA;9128;NA;NA;NA
2020-07-30;207282;NA;NA;NA;9134;NA;NA;NA
2020-07-31;208698;NA;NA;NA;9141;NA;NA;NA
2020-08-01;209653;NA;NA;NA;9141;NA;NA;NA
2020-08-02;209893;NA;NA;NA;9141;NA;NA;NA
2020-08-03;210402;NA;NA;NA;9148;NA;NA;NA
2020-08-04;211281;NA;NA;NA;9156;NA;NA;NA
2020-08-05;212022;NA;NA;NA;9168;NA;NA;NA
2020-08-06;213067;NA;NA;NA;9175;NA;NA;NA
2020-08-07;214214;NA;NA;NA;9183;NA;NA;NA
2020-08-08;215336;NA;NA;NA;9195;NA;NA;NA
2020-08-09;215891;NA;NA;NA;9196;NA;NA;NA
2020-08-10;216327;NA;NA;NA;9197;NA;NA;NA
2020-08-11;217293;NA;NA;NA;9201;NA;NA;NA
2020-08-12;218519;NA;NA;NA;9207;NA;NA;NA
2020-08-13;219964;NA;NA;NA;9211;NA;NA;NA
2020-08-14;221413;NA;NA;NA;9225;NA;NA;NA
2020-08-15;222828;NA;NA;NA;9231;NA;NA;NA
2020-08-16;223453;NA;NA;NA;9231;NA;NA;NA
2020-08-17;224041;NA;NA;NA;9232;NA;NA;NA
2020-08-18;225404;NA;NA;NA;9236;NA;NA;NA
2020-08-19;226914;NA;NA;NA;9243;NA;NA;NA
2020-08-20;228621;NA;NA;NA;9253;NA;NA;NA
2020-08-21;230048;NA;NA;NA;9260;NA;NA;NA
2020-08-22;232082;NA;NA;NA;9267;NA;NA;NA
2020-08-23;232864;NA;NA;NA;9269;NA;NA;NA
2020-08-24;233575;NA;NA;NA;9272;NA;NA;NA
2020-08-25;234853;NA;NA;NA;9277;NA;NA;NA
2020-08-26;236429;NA;NA;NA;9280;NA;NA;NA
2020-08-27;237936;NA;NA;NA;9285;NA;NA;NA
2020-08-28;239507;NA;NA;NA;9288;NA;NA;NA
2020-08-29;240986;NA;NA;NA;9289;NA;NA;NA
2020-08-30;241771;NA;NA;NA;9295;NA;NA;NA
2020-08-31;242381;NA;NA;NA;9298;NA;NA;NA
2020-09-01;243599;NA;NA;NA;9302;NA;NA;NA
2020-09-02;244855;NA;NA;NA;9313;NA;NA;NA
2020-09-03;246166;NA;NA;NA;9321;NA;NA;NA
2020-09-04;247619;NA;NA;NA;9322;NA;NA;NA
2020-09-05;248997;NA;NA;NA;9324;NA;NA;NA
2020-09-06;249985;NA;NA;NA;9325;NA;NA;NA
2020-09-07;250799;NA;NA;NA;9325;NA;NA;NA
2020-09-08;252298;NA;NA;NA;9329;NA;NA;NA
2020-09-09;253474;NA;NA;NA;9338;NA;NA;NA
2020-09-10;255366;NA;NA;NA;9341;NA;NA;NA
2020-09-11;256850;NA;NA;NA;9342;NA;NA;NA
2020-09-12;258480;NA;NA;NA;9347;NA;NA;NA
2020-09-13;259428;NA;NA;NA;9349;NA;NA;NA
2020-09-14;260335;NA;NA;NA;9350;NA;NA;NA
2020-09-15;261762;NA;NA;NA;9362;NA;NA;NA
2020-09-16;263633;NA;NA;NA;9368;NA;NA;NA
2020-09-17;265857;NA;NA;NA;9371;NA;NA;NA
2020-09-18;267773;NA;NA;NA;9378;NA;NA;NA
2020-09-19;270070;NA;NA;NA;9384;NA;NA;NA
2020-09-20;271415;NA;NA;NA;9386;NA;NA;NA
2020-09-21;272337;NA;NA;NA;9386;NA;NA;NA
2020-09-22;274158;NA;NA;NA;9396;NA;NA;NA
2020-09-23;275927;NA;NA;NA;9409;NA;NA;NA
2020-09-24;278070;NA;NA;NA;9428;NA;NA;NA
2020-09-25;280223;NA;NA;NA;9443;NA;NA;NA
2020-09-26;282730;NA;NA;NA;9452;NA;NA;NA
2020-09-27;284140;NA;NA;NA;9457;NA;NA;NA
2020-09-28;285332;NA;NA;NA;9460;NA;NA;NA
2020-09-29;287421;NA;NA;NA;9471;NA;NA;NA
2020-09-30;289218;NA;NA;NA;9488;NA;NA;NA
2020-10-01;291722;NA;NA;NA;9500;NA;NA;NA
2020-10-02;294395;NA;NA;NA;9508;NA;NA;NA
2020-10-03;296958;NA;NA;NA;9527;NA;NA;NA
2020-10-04;299237;NA;NA;NA;9529;NA;NA;NA
2020-10-05;300619;NA;NA;NA;9534;NA;NA;NA
2020-10-06;303258;NA;NA;NA;9546;NA;NA;NA
2020-10-07;306086;NA;NA;NA;9562;NA;NA;NA
2020-10-08;310144;NA;NA;NA;9578;NA;NA;NA
2020-10-09;314660;NA;NA;NA;9589;NA;NA;NA
2020-10-10;319381;NA;NA;NA;9604;NA;NA;NA
2020-10-11;322864;NA;NA;NA;9615;NA;NA;NA
2020-10-12;325331;NA;NA;NA;9621;NA;NA;NA
2020-10-13;329453;NA;NA;NA;9634;NA;NA;NA
2020-10-14;334582;NA;NA;NA;9677;NA;NA;NA
2020-10-15;341223;NA;NA;NA;9710;NA;NA;NA
2020-10-16;348557;NA;NA;NA;9734;NA;NA;NA
2020-10-17;356384;NA;NA;NA;9767;NA;NA;NA
2020-10-18;361974;NA;NA;NA;9777;NA;NA;NA
2020-10-19;366299;NA;NA;NA;9789;NA;NA;NA
2020-10-20;373167;NA;NA;NA;9836;NA;NA;NA
2020-10-21;380762;NA;NA;NA;9875;NA;NA;NA
2020-10-22;392049;NA;NA;NA;9905;NA;NA;NA
2020-10-23;403291;NA;NA;NA;9954;NA;NA;NA
2020-10-24;418005;NA;NA;NA;10003;NA;NA;NA
2020-10-25;429181;NA;NA;NA;10032;NA;NA;NA
2020-10-26;437866;NA;NA;NA;10056;NA;NA;NA
2020-10-27;449275;NA;NA;NA;10098;NA;NA;NA
2020-10-28;464239;NA;NA;NA;10183;NA;NA;NA
2020-10-29;481083;NA;NA;NA;10272;NA;NA;NA
2020-10-30;499694;NA;NA;NA;10349;NA;NA;NA
2020-10-31;518753;NA;NA;NA;10452;NA;NA;NA
2020-11-01;532930;NA;NA;NA;10481;NA;NA;NA
2020-11-02;545027;NA;NA;NA;10530;NA;NA;NA
2020-11-03;560379;NA;NA;NA;10661;NA;NA;NA
2020-11-04;577593;NA;NA;NA;10812;NA;NA;NA
2020-11-05;597583;NA;NA;NA;10930;NA;NA;NA
2020-11-06;619089;NA;NA;NA;11096;NA;NA;NA
2020-11-07;642488;NA;NA;NA;11226;NA;NA;NA
2020-11-08;658505;NA;NA;NA;11289;NA;NA;NA
2020-11-09;671868;NA;NA;NA;11352;NA;NA;NA
2020-11-10;687200;NA;NA;NA;11506;NA;NA;NA
2020-11-11;705687;NA;NA;3127;11767;NA;NA;NA
2020-11-12;727553;NA;NA;3186;11982;NA;NA;NA
2020-11-13;751095;NA;NA;3299;12200;NA;NA;NA
2020-11-14;773556;NA;NA;3325;12378;NA;NA;NA
2020-11-15;790503;NA;NA;3385;12485;NA;NA;NA
2020-11-16;801327;NA;NA;3436;12547;NA;NA;NA
2020-11-17;815746;NA;NA;3517;12814;NA;NA;NA
2020-11-18;833307;NA;NA;3561;13119;NA;NA;NA
2020-11-19;855916;NA;NA;3588;13370;NA;NA;NA
2020-11-20;879564;NA;NA;3615;13360;NA;NA;NA
2020-11-21;902528;NA;NA;3630;13884;NA;NA;NA
2020-11-22;918269;NA;NA;3709;14022;NA;NA;NA
2020-11-23;929133;NA;NA;3742;14112;NA;NA;NA
2020-11-24;942687;NA;NA;3770;14361;NA;NA;NA
2020-11-25;961320;NA;NA;3781;14771;NA;NA;NA
2020-11-26;983588;NA;NA;3826;15160;NA;NA;NA
2020-11-27;1006394;NA;NA;3854;15586;NA;NA;NA
2020-11-28;1028089;NA;NA;3888;15965;NA;NA;NA
2020-11-29;1042700;NA;NA;3901;16123;NA;NA;NA
2020-11-30;1053869;NA;NA;3926;16248;NA;NA;NA
2020-12-01;1067473;NA;NA;3919;16636;NA;NA;NA
2020-12-02;1084743;NA;NA;3957;17123;NA;NA;NA
2020-12-03;1106789;NA;NA;3980;17602;NA;NA;NA
2020-12-04;1130238;NA;NA;4011;18034;NA;NA;NA
2020-12-05;1153556;NA;NA;4051;18517;NA;NA;NA
2020-12-06;1171323;NA;NA;4108;18772;NA;NA;NA
2020-12-07;1183655;NA;NA;4179;18919;NA;NA;NA
2020-12-08;1197709;NA;NA;4257;19342;NA;NA;NA
2020-12-09;1218524;NA;NA;4278;19932;NA;NA;NA
2020-12-10;1242203;NA;NA;4339;20372;NA;NA;NA
2020-12-11;1272078;NA;NA;4432;20970;NA;NA;NA
2020-12-12;1300516;NA;NA;4491;21466;NA;NA;NA
2020-12-13;1320716;NA;NA;4552;21787;NA;NA;NA
2020-12-14;1337078;NA;NA;4670;21975;NA;NA;NA
2020-12-15;1351510;NA;NA;4735;22475;NA;NA;NA
2020-12-16;1379238;NA;NA;4836;23427;NA;NA;NA
2020-12-17;1406161;NA;NA;4856;24125;NA;NA;NA
2020-12-18;1439938;NA;NA;4899;24938;NA;NA;NA
2020-12-19;1471238;NA;NA;4939;25640;NA;NA;NA
2020-12-20;1494009;NA;NA;5022;26049;NA;NA;NA
2020-12-21;1510652;NA;NA;5164;26275;NA;NA;NA
2020-12-22;1530180;NA;NA;5216;27006;NA;NA;NA
2020-12-23;1554920;NA;NA;5243;27968;NA;NA;NA
2020-12-24;1587115;NA;NA;5354;28770;NA;NA;NA
2020-12-26;1627103;NA;NA;5535;29442;NA;NA;NA
2020-12-27;1640858;NA;NA;5562;29778;NA;NA;NA
2020-12-28;1651834;NA;NA;5597;30126;21566;NA;NA
2020-12-29;1664726;NA;NA;5649;30978;41962;NA;NA
2020-12-30;1687185;NA;NA;5648;32107;78109;NA;NA
2020-12-31;1719737;NA;NA;5639;33071;131626;NA;NA
2021-01-02;1755351;NA;NA;5726;33960;188553;NA;NA
2021-01-03;1765666;NA;NA;5762;34272;238809;NA;NA
2021-01-04;1775531;NA;NA;5744;34574;265986;NA;NA
2021-01-05;1787410;NA;NA;5678;35518;316962;NA;NA
2021-01-06;1808647;NA;NA;5659;36537;367331;NA;NA
2021-01-07;1835038;NA;NA;5491;37607;417060;NA;NA
2021-01-08;1866887;NA;NA;5484;38795;476959;NA;NA
2021-01-09;1891581;NA;NA;5414;39878;532878;NA;NA
2021-01-10;1908527;NA;NA;5320;40343;532878;NA;NA
2021-01-11;1921024;NA;NA;5289;40686;613347;NA;NA
2021-01-12;1933826;NA;NA;5230;41577;688782;NA;NA
2021-01-13;1953126;NA;NA;5185;42637;758093;NA;NA
2021-01-14;1978590;NA;NA;5125;43881;842455;NA;NA
2021-01-15;2000958;NA;NA;5074;44994;961682;NA;NA
2021-01-16;2019636;NA;NA;5015;45974;1048160;NA;NA
2021-01-17;2033518;NA;NA;4971;46419;1048160;NA;NA
2021-01-18;2040659;NA;NA;5003;46633;1139207;6581;NA
2021-01-19;2052028;NA;NA;4947;47622;1195429;24741;NA
2021-01-20;2068002;NA;NA;4836;48770;1254720;42670;NA
2021-01-21;2088400;NA;NA;4787;49783;1324901;77602;NA
2021-01-22;2106262;NA;NA;4768;50642;1386464;115175;NA
2021-01-23;2122679;NA;NA;4660;51521;1469353;163424;NA
2021-01-24;2134936;NA;NA;4628;51870;1469353;163424;NA
2021-01-25;2141655;NA;NA;4619;52087;1554355;228763;NA
2021-01-26;2148077;NA;NA;4571;52990;1638425;283264;NA
2021-01-27;2161275;NA;NA;4501;53972;1672215;318674;NA
2021-01-28;2178828;NA;NA;4437;54913;1738236;366081;NA
2021-01-29;2192850;NA;NA;4375;55752;1799481;416646;NA
2021-01-30;2205171;NA;NA;4325;56546;1855457;461701;NA
2021-01-31;2216363;NA;NA;4348;56945;1855457;461701;NA
2021-02-01;2221971;NA;NA;4322;57120;1935356;532562;NA
2021-02-02;2228085;NA;NA;4264;57981;1980211;606786;NA
2021-02-03;2237790;NA;NA;4222;58956;2033561;679649;NA
2021-02-04;2252001;NA;NA;4178;59742;2091689;756333;NA
2021-02-05;2264909;NA;NA;4072;60597;2153000;834398;NA
2021-02-06;2275394;NA;NA;3965;61286;2212851;903271;NA
2021-02-07;2284010;NA;NA;3933;61517;2212851;903271;NA
2021-02-08;2288545;NA;NA;3957;61675;2295221;981914;NA
2021-02-09;2291924;NA;NA;3846;62156;2344802;1024631;NA
2021-02-10;2299996;NA;NA;3736;62969;2405156;1104504;NA
2021-02-11;2310223;NA;NA;3675;63635;2490423;1178725;NA
2021-02-12;2320093;NA;NA;3552;64191;2556697;1253036;NA
2021-02-13;2328447;NA;NA;3488;64742;2635673;1331573;NA
2021-02-14;2334651;NA;NA;3427;64960;2635673;1331573;NA
2021-02-15;2338987;NA;NA;3439;65076;2736109;1410239;NA
2021-02-16;2342842;NA;NA;3352;65604;2813713;1470822;NA
2021-02-17;2350399;NA;NA;3251;66164;2896064;1525943;NA
2021-02-18;2360606;NA;NA;3177;66698;2991792;1580628;NA
2021-02-19;2369719;NA;NA;3121;67206;3085114;1634786;NA
2021-02-20;2378883;NA;NA;3079;67696;3179290;1690351;NA
2021-02-21;2386559;NA;NA;3057;67841;3179290;1690351;NA
2021-02-22;2390928;NA;NA;3060;67903;3312351;1756478;NA
2021-02-23;2394811;NA;NA;3037;68318;3413730;1806606;NA
2021-02-24;2402818;NA;NA;2955;68740;3518294;1854282;NA
2021-02-25;2414687;NA;NA;2898;69125;3633282;1910863;NA
2021-02-26;2424684;NA;NA;2848;69519;3759906;1971043;NA
2021-02-27;2434466;NA;NA;2827;69888;3881490;2029047;NA
2021-02-28;2442336;NA;NA;2840;70045;3881490;2929047;NA
2021-03-01;2447068;NA;NA;2869;70105;4079107;2095255;NA
2021-03-02;2451011;NA;NA;2854;70463;4234952;2159412;NA
2021-03-03;2460030;NA;NA;2823;70881;4389047;2215504;NA
2021-03-04;2471942;NA;NA;2813;71240;4541389;2271784;NA
2021-03-05;2482522;NA;NA;2765;71504;4736174;2346388;NA
2021-03-06;2492079;NA;NA;2751;71804;4915868;2410230;NA
2021-03-07;2500182;NA;NA;2786;71900;4915868;2410230;NA
2021-03-08;2505193;NA;NA;2865;71934;5170215;2484408;NA
2021-03-09;2509445;NA;NA;2785;72189;5350408;2546692;NA
2021-03-10;2518591;NA;NA;2736;72489;5555420;2605818;NA
2021-03-11;2532947;NA;NA;2759;72810;5756572;2674692;NA
2021-03-12;2545781;NA;NA;2754;73062;5978551;2738103;NA
2021-03-13;2558455;NA;NA;2721;73301;6113484;2749786;NA
2021-03-14;2569245;NA;NA;2775;73371;6113484;2749786;NA
2021-03-15;2575849;NA;NA;2833;73418;6507159;2891951;NA
2021-03-16;2581329;NA;NA;2851;73656;6712195;2951692;NA
2021-03-17;2594764;NA;NA;2859;73905;6835216;3018750;NA
2021-03-18;2612268;NA;NA;2895;74132;6970861;3097094;NA
2021-03-19;2629750;NA;NA;2951;74358;7095076;3172553;NA
2021-03-20;2645783;NA;NA;2956;74565;7322931;3246005;NA
2021-03-21;2659516;NA;NA;3056;74664;7322931;3246005;NA
2021-03-22;2667225;NA;NA;3145;74714;7523137;3345235;NA
2021-03-23;2674710;NA;NA;3171;74964;7698450;3416612;NA
2021-03-24;2690523;NA;NA;3209;75212;7937540;3516986;NA
2021-03-25;2713180;NA;NA;3260;75440;8150256;3603639;NA
2021-03-26;2734753;NA;NA;3334;75623;8364197;3683054;NA
2021-03-27;2755225;NA;NA;3334;75780;8364197;3683054;NA
2021-03-28;2772401;NA;NA;3334;75870;8602339;3768080;NA
2021-03-29;2782273;NA;NA;3573;75913;9001925;3877914;NA
2021-03-30;2791822;NA;NA;3595;76093;9216487;3961165;NA
2021-04-01;2833173;NA;NA;3729;76543;9627222;4152414;NA
2021-04-02;2855061;NA;NA;3729;76775;9627222;4152414;NA
2021-04-03;2873190;NA;NA;3729;76895;10046898;4334170;NA
2021-04-04;2885386;NA;NA;3729;76963;10046898;4334170;NA
2021-04-05;2893883;NA;NA;3729;77013;10046898;4334170;NA
2021-04-06;2900768;NA;NA;4355;77103;10547269;4354775;NA
2021-04-07;2910445;NA;NA;4439;77401;10800637;4633859;NA
2021-04-08;2930852;NA;NA;4474;77707;11515936;4737605;NA
2021-04-09;2956316;NA;NA;4515;78003;12204176;4831522;NA
2021-04-10;2980413;NA;NA;4515;78249;12204176;4831522;NA
2021-04-11;2998268;NA;NA;4515;78353;12204176;4831522;NA
2021-04-12;3011513;NA;NA;4662;78452;13196552;5035195;NA
2021-04-13;3022323;NA;NA;4688;78746;13567817;5011506;NA
2021-04-14;3044016;NA;NA;4680;79088;14058329;5186135;NA
2021-04-15;3073442;NA;NA;4679;79381;14773908;5276028;NA
2021-04-16;3099273;NA;NA;4740;79628;15393858;5350247;NA
2021-04-17;3123077;NA;NA;4740;79847;15393858;5350247;NA
2021-04-18;3142262;NA;NA;4740;79914;15393858;5350247;NA
2021-04-19;3153699;NA;NA;4932;80006;16428425;5517282;NA
2021-04-20;3163368;NA;NA;4966;80303;16795784;5582992;NA
2021-04-21;3188192;NA;NA;4987;80364;17288804;5646788;NA
2021-04-22;3217710;NA;NA;5049;80893;17932380;5724561;NA
2021-04-23;3245253;NA;NA;5054;81158;18496378;5790531;NA
2021-04-24;3268645;NA;NA;5054;81444;18496378;5790531;NA
2021-04-25;3287418;NA;NA;5054;81564;18496378;5790531;NA
2021-04-26;3299325;NA;NA;5122;81624;19486698;5960243;NA
2021-04-27;3310301;NA;NA;5063;81968;19854550;6038063;NA
2021-04-28;3332532;NA;NA;5047;82280;20521233;6113728;NA
2021-04-29;3357268;NA;NA;5030;82544;21562627;6241152;NA
2021-04-30;3381597;NA;NA;5015;82850;22393183;6381397;NA
2021-05-01;3400532;NA;NA;5015;83082;22393183;6381397;NA
2021-05-02;3416822;NA;NA;5015;83192;22393183;6381397;NA
2021-05-03;3425982;NA;NA;5011;83276;23492053;6655866;NA
2021-05-04;3433516;NA;NA;4955;83591;23852426;6771476;NA
2021-05-05;3451550;NA;NA;4838;83876;24537128;6931584;NA
2021-05-06;3473503;NA;NA;4768;84126;25451513;7145486;NA
2021-05-07;3491988;NA;NA;4669;84410;26205337;7360108;NA
2021-05-08;3507673;NA;NA;4669;84648;26205337;7360108;NA
2021-05-09;3520329;NA;NA;4669;84775;26205337;7360108;NA
2021-05-10;3527251;NA;NA;4599;84829;27266358;7813381;NA
2021-05-11;3533376;NA;NA;4461;85112;27686865;8022890;NA
2021-05-12;3548285;NA;NA;4376;85380;28516504;8320680;NA
2021-05-13;3565704;NA;NA;4376;85658;28516504;8320680;NA
2021-05-14;3577040;NA;NA;4182;85848;29823801;8822370;NA
2021-05-15;3584934;NA;NA;4182;86025;29823801;8822370;NA
2021-05-16;3593434;NA;NA;4182;86096;29823801;8822370;NA
2021-05-17;3598846;NA;NA;4015;86160;30743232;9332160;NA
2021-05-18;3603055;NA;NA;3879;86381;31094584;9548021;NA
2021-05-19;3614095;NA;NA;3708;86665;31616223;9901626;NA
2021-05-20;3626393;NA;NA;3594;86902;32178636;10432968;NA
2021-05-21;3635162;NA;NA;3477;87128;32633840;10915832;NA
2021-05-22;3642244;NA;NA;3477;87298;32633840;10915832;NA
2021-05-23;3648958;NA;NA;3477;87380;32633840;10915832;NA
2021-05-24;3651640;NA;NA;3477;87423;32633840;10915832;NA
2021-05-25;3653551;NA;NA;3180;87456;33503002;11896572;NA
2021-05-26;3656177;NA;NA;3002;87726;33789188;12274086;NA
2021-05-27;3662490;NA;NA;2836;87995;34305216;13053626;NA
2021-05-28;3669870;NA;NA;2702;88187;34711424;13674483;NA
2021-05-29;3675296;NA;NA;2702;88350;34711424;13674483;NA
2021-05-30;3679148;NA;NA;2702;88406;34711424;13674483;NA
2021-05-31;3681126;NA;NA;2450;88442;35325677;14615052;NA
2021-06-01;3682911;NA;NA;2289;88595;35531114;15009970;NA
2021-06-02;3687828;NA;NA;2147;88774;35936861;15604092;NA
2021-06-03;3692468;NA;NA;2036;88940;36461594;16318175;NA
2021-06-04;3695633;NA;NA;1970;89026;36695899;16708899;NA
2021-06-05;3697927;NA;NA;1970;89148;36999375;17240975;NA
2021-06-06;3700367;NA;NA;1970;89222;36999375;17240975;NA
2021-06-07;3701484;NA;NA;1796;89244;37992201;17744076;NA
2021-06-08;3702688;NA;NA;1700;89384;38245152;18187186;NA
2021-06-09;3705942;NA;NA;1598;89491;38635235;18923674;NA
2021-06-10;3709129;NA;NA;1510;89585;39097643;19857285;NA
2021-06-11;3711569;NA;NA;1420;89687;39539170;20648461;NA
2021-06-12;3713480;NA;NA;1420;89816;39539170;20648461;NA
2021-06-13;3714969;NA;NA;1420;89834;39539170;20648461;NA
2021-06-14;3715518;NA;NA;1280;89844;40213007;21812429;NA
2021-06-15;3716170;NA;NA;1210;89937;40475199;22302188;NA
2021-06-16;3717625;NA;NA;1134;90074;40707016;22967526;NA
2021-06-17;3718955;NA;NA;1068;90179;41225811;23916490;NA
2021-06-18;3720031;NA;NA;1011;90270;41662903;24657569;NA
2021-06-20;3721981;NA;NA;1011;90385;41662903;24657569;NA
2021-06-21;3722327;NA;NA;889;90395;42284584;25831503;NA
2021-06-22;3722782;NA;NA;850;90472;42540863;26274154;NA
2021-06-23;3723798;NA;NA;850;90523;42922868;26976919;NA
2021-06-24;3724806;NA;NA;781;90616;43447927;26068456;NA
2021-06-25;3725580;NA;NA;736;90678;43958788;28383081;NA
2021-06-26;3726172;NA;NA;736;90746;44363821;28915700;NA
2021-06-27;3726710;NA;NA;736;90754;44363821;28915700;NA
2021-06-28;3726929;NA;NA;693;90762;44608624;29403338;NA
2021-06-29;3727333;NA;NA;666;90819;44886784;29803258;NA
2021-06-30;3728141;NA;NA;614;90875;45307672;30352916;NA
2021-07-01;3729033;NA;NA;590;90938;45817029;30986128;NA
2021-07-02;3729682;NA;NA;562;91007;46249449;31487487;NA
2021-07-05;3731124;NA;NA;526;91031;46970794;30361413;NA
2021-07-06;3731564;NA;NA;509;91062;47213139;32696003;NA
2021-07-07;3732549;NA;NA;484;91110;47505270;33202521;NA
2021-07-08;3733519;NA;NA;470;91141;47872792;33909828;NA
2021-07-09;3734468;NA;NA;453;91190;48180450;34490355;NA
2021-07-12;3736489;NA;NA;435;91233;48612685;35437750;NA
2021-07-13;3737135;NA;NA;407;91259;48799636;35776237;NA
2021-07-14;3738683;NA;NA;398;91287;49007589;36350481;NA
2021-07-15;3740325;NA;NA;396;91319;49248479;37124516;NA
2021-07-16;3741781;NA;NA;379;91337;49468488;37713915;NA
2021-07-19;3745227;NA;NA;370;91363;49632810;38194316;NA
2021-07-20;3746410;NA;NA;369;91397;49806108;38547915;NA
2021-07-21;3748613;NA;NA;361;91416;49931406;38843476;NA
2021-07-22;3750503;NA;NA;357;91458;50081384;39309478;NA
2021-07-23;3752592;NA;NA;354;91492;50262310;39896523;NA
2021-07-26;3756856;NA;NA;372;91527;50538713;40816711;NA
2021-07-27;3758401;NA;NA;369;91565;50643772;41073682;NA
2021-07-28;3761169;NA;NA;370;91586;50736111;41342865;NA
2021-07-29;3764311;NA;NA;357;91607;50851471;41790697;NA
2021-07-30;3766765;NA;NA;347;91637;51007130;42362788;NA
2021-08-03;3773875;NA;NA;376;91679;51338211;43454685;NA
2021-08-04;3777446;NA;NA;377;91704;51423707;43708441;NA
2021-08-05;3780985;NA;NA;392;91730;51524326;44093088;NA
2021-08-06;3784433;NA;NA;387;91754;51643732;44567060;NA
2021-08-09;3791949;NA;NA;437;91784;51843039;45330680;NA
2021-08-10;3794429;NA;NA;455;91803;52982894;45587992;NA
2021-08-11;3799425;NA;NA;442;91817;52108008;46227957;NA
2021-08-12;3805063;NA;NA;454;91834;52240943;46653588;NA
2021-08-13;3810641;NA;NA;471;91853;52370395;47048937;NA
2021-08-16;3823139;NA;NA;471;91871;52583655;47603282;NA
2021-08-17;3827051;NA;NA;548;91899;52583655;47603282;NA
2021-08-18;3835375;NA;NA;574;91921;52803002;48109314;NA
2021-08-19;3843775;NA;NA;600;91943;52944132;48419275;NA
2021-08-20;3853055;NA;NA;621;91956;53066487;48652173;NA
2021-08-23;3871865;NA;NA;712;91980;53302445;49037947;NA
2021-08-24;3877612;NA;NA;775;92022;53403091;49210980;NA
2021-08-25;3889173;NA;NA;805;92061;53530526;49408003;NA
2021-08-26;3901799;NA;NA;836;92082;53654041;49571281;NA
2021-08-27;3913828;NA;NA;869;92096;53861656;49850277;NA
2021-08-30;3937106;280744;NA;1008;92140;54079649;50147803;NA
2021-08-31;3942856;281074;NA;1068;92200;54168164;50274137;NA
2021-09-01;3956387;281653;NA;1096;92223;54297654;50431730;NA
2021-09-02;3970102;282027;NA;1135;92256;54422241;50600451;NA
2021-09-03;3984353;282581;NA;1169;92301;54541599;50754494;NA
2021-09-06;4010390;283276;NA;1281;92354;54721636;50993665;NA
2021-09-07;4017116;283775;NA;1323;92413;54782636;51070206;NA
2021-09-08;4030681;284413;NA;1348;92448;54890847;51207077;NA
2021-09-09;4046112;285019;NA;1388;92498;55039872;51328733;NA
2021-09-10;4059081;285539;NA;1395;92553;55144235;51465242;NA
2021-09-13;4083151;286349;NA;1452;92618;55315227;51710273;NA
2021-09-14;4089476;286881;NA;1501;92686;55378969;51791178;NA
2021-09-15;4101931;287509;NA;1537;92769;55465975;51902433;NA
2021-09-16;4114856;288040;NA;1526;92837;55595233;52098316;NA
2021-09-17;4125878;288567;NA;1551;92857;55703730;52244501;NA
2021-09-20;4145852;289327;NA;1539;92971;55869314;52502558;NA
2021-09-21;4150516;289327;NA;1541;93052;55869314;52502558;NA
2021-09-22;4160970;290405;NA;1504;93123;56009980;52723242;NA
2021-09-23;4171666;290846;NA;1500;93238;56104699;52868389;NA
2021-09-24;4181393;291361;NA;1458;93303;56197198;53004938;NA
2021-09-27;4199400;291860;NA;1433;93403;56333379;53243670;NA
2021-09-28;4203571;292340;NA;1431;93504;56392509;53335461;NA
2021-09-29;4215351;292893;NA;1414;93571;56467517;53448529;NA
2021-09-30;4227501;293400;NA;1364;93638;56541315;53564630;NA
2021-10-01;4237619;293879;NA;1357;93711;56622246;53682694;NA
2021-10-04;4255388;294651;NA;1336;93793;56681808;53770718;NA
2021-10-05;4260187;295252;NA;1349;93883;56713234;53818063;NA
2021-10-06;4271734;295807;NA;1360;93959;56769068;53907281;NA
2021-10-07;4283378;296272;NA;1357;94027;56846361;54038360;NA
2021-10-08;4293807;296746;NA;1374;94113;56911049;54143694;NA
2021-10-11;4313384;297478;NA;1344;94209;56991542;54264564;NA
2021-10-12;4318355;297991;NA;1354;94297;57022688;54312032;NA
2021-10-13;4330258;298666;NA;1382;94389;57073537;54395005;NA
2021-10-14;4342640;299174;NA;1400;94461;57128110;54486100;NA
2021-10-15;4354158;299724;NA;1397;94526;57182706;54579415;NA
2021-10-18;4377845;300569;NA;1420;94628;57250155;54685649;NA
2021-10-19;4384616;301275;NA;1456;94716;57279438;54727282;NA
2021-10-20;4401631;301986;NA;1475;94808;57326792;54807710;NA
2021-10-21;4417708;302544;NA;1482;94875;57379610;54896523;NA
2021-10-22;4437280;303269;NA;1541;94991;57428018;54978603;NA
2021-10-25;4472730;304406;NA;1622;95117;57486710;55068845;NA
2021-10-26;4483203;305271;NA;1686;95245;57515720;55111822;NA
2021-10-27;4506415;306185;NA;1707;95359;57562198;55191607;NA
2021-10-28;4534452;307149;NA;1768;95485;57609928;55276225;NA
2021-10-29;4559120;308035;NA;1808;95606;57665432;55387104;NA
2021-11-02;4618021;310073;NA;2058;95833;57742992;55501328;NA
2021-11-03;4638419;311317;NA;2136;96027;57782304;55566259;NA
2021-11-04;4672368;312435;NA;2226;96192;57835987;55647310;NA
2021-11-05;4709488;313506;NA;2332;96346;57886200;55724473;NA
2021-11-08;4782546;315387;NA;2532;96558;57954075;55810095;NA
2021-11-09;4804378;316492;NA;2616;96727;57986934;55851774;NA
2021-11-10;4844054;317856;NA;2687;96963;58043550;55925630;NA
2021-11-11;4894250;319130;NA;2739;97198;58103317;56002360;NA
2021-11-12;4942890;320336;NA;2828;97389;58167264;56080963;NA
2021-11-15;5045076;322435;NA;3034;97715;58255103;56165436;NA
2021-11-16;5077124;323768;NA;3190;97980;58302768;56211984;NA
2021-11-17;5129950;325395;NA;3280;98274;58366685;56281229;NA
2021-11-18;5195321;326780;NA;3376;98538;58434229;56351352;NA
2021-11-19;5248291;328069;NA;3431;98739;58507255;56426411;NA
2021-11-22;5385585;330575;NA;3675;99124;58635434;56527575;NA
2021-11-23;5430911;332154;NA;3845;99433;58697074;56570199;6106025
2021-11-24;5497795;334004;NA;3987;99768;58791289;56637852;6641501
2021-11-25;5573756;335632;NA;4070;100119;58901630;56716237;7314069
2021-11-26;5650170;337502;NA;4202;100476;59018263;56795142;7981435
2021-11-29;5791060;340050;NA;4459;100956;59221785;56911547;9167000
2021-11-30;5836813;341805;NA;4599;101344;59305574;56956469;9658740
2021-12-01;5903999;343627;NA;4636;101790;59407188;57024545;10377200
2021-12-02;5977208;345152;NA;4690;102178;59511300;57101728;11258129
2021-12-03;6051560;346938;NA;4793;102568;59611429;57195032;12187212
2021-12-06;6185961;349754;NA;4824;103121;59855421;57383300;13914334
2021-12-07;6222020;351417;NA;4905;103520;59931986;57436468;14570026
2021-12-08;6291853;353618;NA;4950;104051;60028427;57519846;15555364
2021-12-09;6362232;355389;NA;4897;104512;60123901;57604250;16619446
2021-12-10;6423520;357102;NA;4943;104996;60241008;57729749;17710503
2021-12-13;6531606;359856;NA;4905;105754;60398417;57879290;19796001
2021-12-14;6562429;361710;NA;4926;106227;60462369;57939197;20541443
2021-12-15;6613730;363677;NA;4892;106680;60568226;58042702;21529803
2021-12-16;6670407;365309;NA;4805;107202;60679186;58171445;22923853
2021-12-17;6721375;366926;NA;4765;107639;60786500;58297370;24145689
2021-12-20;6809622;369644;NA;4621;108352;60992596;58444931;26194109
2021-12-21;6833050;371106;NA;4619;108814;61091561;58539367;27112902
2021-12-22;6878709;372795;NA;4563;109324;61201400;58661704;28090924
2021-12-23;6923636;374373;NA;4474;109749;61313890;58782729;29084094
2021-12-27;7005289;376838;NA;4279;110433;61418444;58896532;29963943
2021-12-28;7026369;378001;NA;4201;110805;61471933;58957258;30428966
2021-12-29;7066412;379290;NA;4201;111219;61537455;59035690;31008690
2021-12-30;7109182;380439;NA;3914;111602;61608213;59112588;31615849
2022-01-04;7238408;383759;NA;3803;112579;61741444;59252481;32672203
2022-01-05;7297320;385066;NA;3670;112925;61813677;59371059;33376080
2022-01-06;7361660;386287;NA;3561;113368;61875432;59483838;34027029
2022-01-07;7417995;387181;NA;3445;113632;61930498;59574879;34570045
2022-01-10;7535691;388789;NA;3271;114029;62047137;59787106;35646885
2022-01-11;7581381;389798;NA;3253;114351;62099547;59883814;36150043
2022-01-12;7661811;390798;NA;3154;114735;62158449;60004889;36786897
2022-01-13;7743228;391699;NA;3050;115051;62225649;60141697;37476517
2022-01-14;7835451;392650;NA;2959;115337;62288513;60272536;38156620
2022-01-17;8000122;394071;NA;2741;115649;62423260;60474763;39189121
2022-01-18;8074527;395040;NA;2744;115842;62472585;60553083;39596674
2022-01-19;8186850;396122;NA;2664;116081;62530950;60652751;40139877
2022-01-20;8320386;397238;NA;2571;116315;62592792;60754344;40667342
2022-01-21;8460546;398257;NA;2447;116485;62652995;60859244;41212549
2022-01-24;8744840;399890;NA;2426;116746;62753672;61023959;41930241
2022-01-25;8871795;401024;NA;2438;116960;62794239;61095818;42243410
2022-01-26;9035795;402239;NA;2396;117126;62838918;61179027;42623771
2022-01-27;9238931;403658;NA;2363;117314;62880992;61262214;43016216
2022-01-28;9429079;404978;171;2274;117484;62928328;61360066;43407100
2022-01-31;9815533;406866;151;2268;117786;62999870;61501394;43895972
2022-02-01;9978146;408081;195;2300;117974;63027665;61558884;44090038
2022-02-02;10186644;409578;227;2257;118170;63056650;61618946;44315926
2022-02-03;10422764;410938;236;2307;118334;63091660;61692608;44595066
2022-02-04;10671602;412459;202;2262;118504;63123698;61763145;44852424
2022-02-07;11117857;414782;173;2350;118766;63172707;61892617;45169917
2022-02-08;11287428;416300;235;2375;118943;63191233;61943072;45307550
2022-02-09;11521678;418288;253;2390;119215;63216004;62006104;45507206
2022-02-10;11769540;419963;254;2398;119453;63237364;62066928;45715094
2022-02-11;12009712;421722;254;2396;119679;63257882;62126805;45888382
2022-02-14;12421126;424040;158;2428;119977;63290584;62226445;46105414
2022-02-15;12580343;425760;231;2473;120220;63304258;62267767;46202246
2022-02-16;12800315;427786;279;2494;120467;63320634;62316945;46345147
2022-02-17;13035941;429416;242;2466;120728;63335790;62362509;46484531
2022-02-18;13255989;431252;243;2471;120992;63350208;62410065;46615203
2022-02-21;13636993;433914;157;2403;121297;63377472;62491708;46780881
2022-02-22;13762895;435676;197;2414;121603;63390809;62526823;46860189
2022-02-23;13971947;437700;255;2402;121902;63404322;62568458;46970573
2022-02-24;14188269;439296;267;2398;122145;63416464;62606204;47081705
2022-02-25;14399012;441014;203;2285;122371;63428909;62645144;47189282
2022-02-28;14745107;443784;180;2257;122702;63441127;62694875;47308586
2022-03-01;14867218;445406;165;2245;122937;63452470;62717992;47367046
2022-03-02;15053624;447580;260;2289;123238;63465125;62748261;47451764
2022-03-03;15264297;449619;223;2202;123505;63479876;62775453;47529008
2022-03-04;15481890;451317;235;2151;123796;63492423;62806490;47627669
2022-03-07;15869417;453936;147;2102;124126;63515372;62847041;47732256
2022-03-09;16242070;457751;268;2149;124764;63537436;62887598;47850267
2022-03-10;16504822;459537;213;2117;125023;63546532;62907089;47923824
2022-03-11;16757658;461491;237;2115;125272;63556183;62929021;48001155
2022-03-14;17233729;464089;217;2193;125590;63573574;62962262;48096475
2022-03-15;17432617;466159;243;2261;125873;63580434;62974102;48136886
2022-03-16;17695210;468327;303;2297;126142;63589276;62991257;48201309
2022-03-17;17990141;470240;292;2304;126420;63596965;63006243;48271556
2022-03-18;18287986;472337;294;2284;126646;63605123;63022225;48343263
2022-03-21;18772331;475164;183;2272;126929;63617998;63045378;48417947
2022-03-22;18994411;476977;251;2347;127193;63623682;63056034;48455094
2022-03-23;19278143;479278;346;2382;127522;63632448;63071594;48506186
2022-03-24;19596530;481216;265;2335;127822;63638785;63084983;48552400
2022-03-25;19893028;483249;340;2329;128110;63645385;63099606;48602034
2022-03-28;20323779;485992;287;2334;128457;63654559;63120514;48663335
2022-03-29;20561131;488211;231;2353;128764;63659707;63131985;48694873
2022-03-30;20829608;490592;305;2374;129112;63666685;63145084;48738070
2022-03-31;21104509;492653;269;2332;129391;63672322;63156591;48779303
2022-04-01;21357039;494727;298;2306;129695;63679341;63170716;48829949
2022-04-04;21668677;497338;246;2272;130052;63688050;63186837;48878207
2022-04-05;21849074;499383;238;2234;130368;63691701;63193985;48900237
2022-04-06;22064059;501803;219;2160;130708;63696704;63203579;48934366
2022-04-07;22265788;503725;246;2111;131036;63702518;63215379;48972007
2022-04-08;22441051;505624;268;2052;131370;63706942;63225075;49010374
2022-04-11;22677986;508097;139;1991;131728;63713540;63238599;49054067
2022-04-12;22840776;510134;178;1980;132017;63715897;63243601;49071280
2022-04-13;23017079;512316;215;1910;132378;63719934;63250855;49099191
2022-04-14;23182447;514127;226;1849;132688;63724585;63256538;49124527
2022-04-19;23459628;516901;125;1763;132960;63729087;63265523;49152743
2022-04-20;23658211;518923;115;1790;133308;63734027;63270874;49171747
2022-04-21;23844536;520925;196;1733;133632;63736650;63276424;49191749
2022-04-22;24006254;522711;181;1647;133921;63739044;63282302;49213357
2022-04-25;24200596;524741;94;1571;134185;63742994;63291453;49238918
2022-04-26;24337394;526602;136;1579;134489;63745549;63296640;49252762
2022-04-27;24479055;528281;170;1520;134832;63751080;63305890;49276044
2022-04-28;24609159;529791;159;1446;135078;63753909;63312575;49299216
2022-04-29;24710769;531145;148;1408;135292;64490067;62997417;49290457
2022-05-02;24813817;532501;106;1339;135461;64498951;63010774;49318858
2022-05-03;24927339;534054;134;1323;135701;64500699;63014353;49329564
2022-05-04;25033970;535460;157;1279;135942;64503837;63020821;49350476
2022-05-05;25130137;536738;143;1213;136125;64506322;63026689;49377106
2022-05-06;25215210;537978;152;1179;136339;64509547;63033533;49398996
2022-05-09;25299300;539189;80;1090;136538;64512374;63039522;49419716
2022-05-10;25406868;540746;107;1094;136756;64513729;63042307;49429820
2022-05-11;25503878;542158;118;1064;136987;64516596;63047517;49450402
2022-05-12;25592839;543220;119;1034;137184;64518208;63050979;49465553
2022-05-13;25661838;544534;113;1002;137348;64520248;63055033;49483332
2022-05-16;25732153;545480;63;923;137499;64522585;63060079;49499315
2022-05-17;25818405;546682;98;943;137714;64523695;63062520;49507363
2022-05-18;25890456;547797;121;944;137888;64526055;63066812;49522354
2022-05-19;25949175;548951;101;905;138053;64527246;63069838;49535066
2022-05-20;25998085;549836;103;873;138204;64529215;63074331;49551387
2022-05-23;26045528;550614;64;815;138326;64531217;63079205;49567334
2022-05-24;26109965;551723;68;794;138485;64536775;63084552;49592882
2022-05-25;26159106;552504;81;741;138643;64540202;63090125;49613602
2022-05-27;26200663;553260;69;704;138781;64542190;63093670;49627591
2022-05-30;26244107;553964;55;656;138864;64543946;63096641;49635902
2022-05-31;26305996;554901;69;670;139000;64544960;63098835;49642779
2022-06-01;26360953;555700;90;683;139091;64546518;63101949;49653534
2022-06-02;26409455;556352;78;671;139222;64547798;63104546;49663785
2022-06-03;26452148;557088;61;647;139313;64549570;63107792;49676557
2022-06-07;26498361;557788;62;631;139388;64551630;63111637;49689655
2022-06-08;26583016;558793;75;621;139533;64553003;63114193;49698716
2022-06-09;26660652;559742;80;622;139623;64554172;63116473;49707678
2022-06-10;26738530;560572;89;622;139729;64555754;63119522;49718907
2022-06-13;26809245;561346;50;622;139807;64557969;63123352;49730470
2022-06-14;26915085;562451;81;651;139914;64558995;63125403;49736678
2022-06-15;27007429;563490;99;675;140026;64560231;63127812;49745802
2022-06-16;27096571;564435;93;668;140099;64561679;63129936;49753918
2022-06-17;27124689;564692;90;681;140118;64562766;63131872;49759674
2022-06-20;27211896;565685;80;722;140176;64564055;63134165;49768352
2022-06-21;27334993;567109;116;745;140358;64565965;63136795;49775499
2022-06-22;27454225;568502;134;795;140462;64688225;63329221;51199029
2022-06-23;27573585;569758;124;780;140560;64689475;63331376;51207709
2022-06-24;27681775;570950;146;810;140650;64691066;63334102;51218388
2022-06-27;27771911;571941;84;837;140734;64693732;63338089;51230628
2022-06-28;27914240;573559;140;928;140847;64694842;63339671;51236611
2022-06-29;28048190;575024;162;982;141022;64697198;63342616;51246810
2022-06-30;28180861;576372;124;934;141105;64698632;63344892;51256722
2022-07-01;28293960;577785;127;934;141189;64700283;63347864;51268913
2022-07-04;28394995;578971;110;982;141295;64705505;63353741;51282381
2022-07-05;28542484;581149;147;1062;141397;64706259;63354894;51287262
2022-07-06;28673212;582727;158;1067;141519;64707421;63356644;51294818
2022-07-07;28808614;584157;144;1045;141627;64708688;63358721;51303382
2022-07-08;28926346;585530;157;1047;141758;64710319;63361755;51314268
2022-07-11;29025760;586782;117;1101;141870;64712280;63364578;51324918
2022-07-12;29180489;588696;192;1173;142035;64713486;63366516;51330769
2022-07-13;29308100;590449;205;1212;142139;64714929;63368741;51338510
2022-07-14;29460249;592304;199;1238;142284;64716006;63370647;51346833
2022-07-15;29569943;593918;192;1243;142399;64717352;63373014;51358357
2022-07-18;29692989;595794;150;1269;142533;64719386;63375977;51368657
2022-07-19;29853680;597861;177;1325;142635;64720193;63377081;51373731
2022-07-20;29994679;599845;209;1327;142771;64721257;63378832;51380574
2022-07-21;30131303;601751;213;1330;142948;64722222;63380331;51386987
2022-07-22;30239122;603798;217;1395;143061;64723472;63382108;51395163
2022-07-25;30331133;605719;133;1440;143177;64726292;63385351;51404442
2022-07-26;30476605;608055;211;1555;143364;64727038;63386464;51409041
2022-07-27;30598385;610578;264;1621;143545;64728212;63388184;51415743
2022-07-28;30702511;612396;200;1587;143702;64729399;63390183;51423882
2022-07-29;30787309;614147;219;1550;143855;64730386;63391729;51430848
2022-08-01;30854175;615781;101;1445;143979;64732254;63393953;51439412
2022-08-02;30956873;617840;146;1468;144150;64733551;63395259;51443840
2022-08-03;31044554;620056;178;1441;144360;64734266;63396443;51449110
2022-08-04;31119199;621605;165;1395;144552;64735136;63397956;51454937
2022-08-05;31178705;623129;163;1406;144717;64735963;63399298;51460560
2022-08-08;31228322;624634;85;1286;144858;64737322;63401196;51467729
2022-08-09;31307020;626351;168;1330;145028;64738179;63402289;51471658
2022-08-10;31379757;628122;144;1273;145241;64738922;63403571;51476819
2022-08-11;31439645;629476;151;1239;145394;64739711;63404911;51481909
2022-08-12;31489484;630723;124;1179;145561;64740632;63406347;51487866
2022-08-15;31535340;631868;87;1158;145698;64741878;63408140;51494462
2022-08-16;31599085;633279;133;1150;145838;64742849;63409398;51498537
2022-08-17;31666475;634939;143;1130;146030;64743776;63410807;51503928
2022-08-18;31725160;636359;124;1074;146214;64744842;63412275;51509472
2022-08-19;31771884;637623;137;1104;146383;64748660;63415870;51515326
2022-08-22;31808228;638712;68;993;146504;64750090;63418031;51522402
2022-08-23;31868639;640340;112;990;146650;64750747;63418940;51525704
2022-08-24;31921578;641786;117;962;146797;64751579;63420201;51530989
2022-08-25;31970779;643019;101;902;146913;64759048;63426951;51537317
2022-08-26;32008122;644334;122;894;147003;64759781;63428082;51542364
2022-08-29;32041350;645281;61;847;147104;64760794;63429621;51547914
2022-08-30;32095854;646622;95;851;147223;64761520;63430663;51551314
2022-08-31;32145157;647876;101;828;147404;64762361;63431807;51555930
2022-09-01;32184553;648776;97;796;147494;64763257;63433115;51561843
2022-09-02;32218483;649675;95;765;147642;64764028;63434236;51566525
2022-09-05;32247828;650495;54;746;147762;64766079;63436971;51576361
2022-09-06;32297537;651622;97;766;147861;64767164;63437977;51581210
2022-09-07;32344032;652710;96;741;147981;64768042;63439225;51586068
2022-09-08;32386089;653607;97;723;148098;64768731;63440235;51590778
2022-09-09;32422084;654515;102;724;148217;64770327;63442712;51599966
2022-09-12;32452250;655222;47;673;148299;64771609;63444409;51605962
2022-09-13;32507180;656648;82;691;148389;64772542;63445600;51613709
2022-09-14;32558479;657504;117;727;148498;64773411;63446891;51620597
2022-09-15;32604993;658532;108;739;148728;64774275;63448097;51626282
2022-09-16;32643742;659407;90;719;148845;64775224;63449555;51633167
2022-09-19;32680356;660222;46;647;148933;64776735;63452807;51644609
2022-09-20;32740593;661537;0;667;149079;64777630;63454096;51657286
2022-09-21;32797308;662622;108;691;149169;64778261;63455166;51662566
2022-09-22;32854286;663870;125;705;149275;64779159;63456482;51669511
2022-09-23;32905086;665182;98;715;149368;64779940;63457713;51676062
2022-09-26;32952050;666355;71;729;149458;64781093;63459558;51683596
2022-09-27;33041332;668294;125;785;149576;64781994;63460490;51687453
2022-09-28;33137143;670226;149;846;149714;64782867;63461677;51694439
2022-09-29;33216006;671758;145;858;149808;64784357;63463822;51708946
2022-09-30;33312373;673813;162;887;149948;64785323;63465720;51718592
2022-10-04;33386229;675474;127;1049;150064;64785920;63466792;51726542
2022-10-05;33519761;678333;227;1213;150192;64785920;63466792;51726542
2022-10-06;33652255;681490;266;1309;150289;64788539;63470622;51744438
2022-10-07;33826367;684849;254;1361;150406;64789808;63472031;51753293
2022-10-10;33948632;687329;136;1468;150535;64791785;63474325;51764718
2022-10-11;34121168;690402;247;1604;150720;64792532;63475386;51770778
2022-10-12;34257916;693993;288;1660;150919;64793523;63476472;51777979
2022-10-13;34403129;697394;245;1668;151095;64794639;63477608;51785052
2022-10-14;34517327;700568;276;1710;151260;64795730;63478924;51793797
2022-10-17;34608837;703124;162;1705;151420;64798311;63481459;51808189
2022-10-18;34758889;707144;201;1786;151629;64799247;63482706;51815037
2022-10-19;34888963;710965;292;1840;151877;64793583;63478585;51819731
2022-10-20;35005769;714095;235;1821;152100;64794664;63479849;51827625
2022-10-21;35098062;717345;236;1812;152278;64795716;63481028;51835645
2022-10-24;35172694;719834;134;1735;152482;64797371;63482719;51846909
2022-10-25;35288228;723705;197;1773;152755;64798320;63483561;51853343
2022-10-26;35383015;726852;226;1769;152997;64799259;63484576;51860606
2022-10-27;35461920;729503;229;1723;153193;64800090;63485462;51866727
2022-10-28;35523412;732003;214;1683;153377;64801021;63486685;51875018
2022-10-31;35571131;734012;126;1580;153544;64802708;63488074;51884530
2022-11-01;35619687;735854;138;1584;153694;64803231;63488920;51889213
2022-11-02;35649648;736991;151;1578;153814;64803808;63489514;51893510
2022-11-03;35728277;739894;196;1556;154095;64804556;63490445;51899256
2022-11-04;35784912;742468;155;1486;154328;64805572;63491752;51907603
2022-11-07;35823771;744311;98;1341;154535;64806784;63493268;51915805
2022-11-08;35884834;746965;152;1311;154785;64807447;63493969;51919795
2022-11-09;35932654;749361;140;1286;155012;64808642;63495111;51927145
2022-11-10;35971322;750974;120;1219;155187;64809535;63496031;51933919
2022-11-11;36005025;752380;138;1188;155403;64810607;63496986;51940865
2022-11-14;36033395;753752;65;1079;155588;64811686;63498387;51948639
2022-11-15;36080574;755918;119;1096;155807;64812366;63498953;51952235
2022-11-16;36119184;757734;115;1043;156030;64813255;63499704;51957751
2022-11-17;36152490;759163;117;1017;156192;64814070;63500410;51962819
2022-11-18;36180077;760670;102;953;156410;64814677;63501131;51968674
2022-11-21;36205405;761909;57;902;156613;64815948;63502243;51975559
2022-11-22;36247081;763808;122;919;156812;64816425;63502874;51979188
2022-11-23;36280371;765459;127;945;156951;64817080;63503577;51983799
2022-11-24;36318461;767025;124;925;157114;64817684;63504170;51988087
2022-11-25;36348477;768404;115;899;157388;64818449;63504911;51993616
2022-11-28;36373165;769604;62;901;157495;64819482;63506007;51999631
2022-11-29;36419717;771920;129;934;157657;64820113;63506676;52005665
2022-11-30;36463485;773983;112;896;157791;64821371;63507214;52009464
2022-12-01;36499600;775700;111;898;157943;64822122;63508048;52014127
2022-12-02;36530020;777395;114;881;158109;64823183;63509268;52020647
2022-12-05;36557861;778827;94;946;158198;64824153;63510498;52025597
2022-12-06;36604648;781184;135;965;158386;64824447;63510890;52027856
2022-12-07;36649979;783511;158;1013;158559;64825505;63511743;52033112
2022-12-08;36690235;785451;137;989;158684;64825960;63512498;52036811
2022-12-09;36726061;787380;132;969;158851;64826560;63513058;52040431
2022-12-12;36758926;789170;74;988;158966;64827346;63514037;52044651
2022-12-13;36812671;791994;148;1067;159177;64827763;63514438;52046539
2022-12-14;36860998;794703;156;1107;159364;64828210;63515011;52049638
2022-12-15;36905873;797092;150;1075;159594;64828614;63515585;52052333
2022-12-16;36946574;799453;145;1081;159737;64829155;63516106;52055619
2022-12-19;36980883;801373;104;1135;159884;64829688;63516844;52059587
2022-12-20;37035898;804443;139;1173;160045;64830062;63517274;52061290
2022-12-21;37088426;807649;183;1193;160246;64830476;63517874;52063389
2022-12-22;37136414;810547;183;1230;160424;64830957;63518464;52066129
2022-12-23;37177845;812965;183;1243;160611;64831438;63519160;52068449
2022-12-27;37211978;815022;117;1316;160768;64831735;63519563;52070257
2022-12-28;37272430;818083;176;1381;160972;64831956;63519937;52071311
2022-12-29;37313240;820689;179;1388;161133;64832195;63520254;52072663
2022-12-30;37345969;822955;178;1386;161321;64832489;63520562;52074292
2023-01-02;37369867;824749;91;1372;161465;64849315;63535926;52085105
2023-01-03;37410650;827600;148;1390;161714;64849507;63536184;52085813
2023-01-04;37446795;830392;191;1390;162021;64849845;63536516;52086009
2023-01-05;37475448;832882;149;1350;162256;64850473;63537834;52086759
2023-01-06;37496370;834951;144;1310;162518;64850721;63538103;52087884
2023-01-09;37509539;836279;83;1281;162688;64851020;63538432;52089347
2023-01-10;37540072;839135;109;1284;162975;64851540;63539063;52090522
2023-01-11;37562191;841310;118;1214;163244;64851883;63539443;52091979
2023-01-12;37581570;843022;121;1151;163425;64864797;63551633;52099165
2023-01-13;37594526;844340;105;1103;163625;64865238;63552077;52100867
2023-01-16;37605135;845536;64;996;163775;64865726;63552524;52103535
2023-01-17;37622357;847181;82;957;163965;64865863;63552672;52104290
2023-01-18;37637807;848753;84;898;164153;64866184;63552947;52105528
2023-01-19;37649808;849912;79;850;164391;64866901;63553266;52106880
2023-01-20;37659518;851202;86;827;164585;64867243;63553679;52108343
2023-01-23;37668384;852102;34;697;164703;64867653;63553943;52109567
2023-01-24;37684456;853594;57;670;164844;64867785;63554175;52110601
2023-01-25;37701193;854917;89;667;165001;64868130;63554393;52111598
2023-01-26;37715000;856007;85;672;165139;64868352;63554664;52112771
2023-01-27;37728155;857098;65;635;165314;64868942;63554897;52114830
